<?xml version="1.0" encoding="UTF-8"?>
<!DOCTYPE mapper PUBLIC "-//mybatis.org//DTD Mapper 3.0//EN" "http://mybatis.org/dtd/mybatis-3-mapper.dtd">
<mapper namespace="com.mybatis3.dao.mapper.CourseMapper">
	<!-- ####################### resultMao정의 ####################### -->	
	<resultMap  id="courseWithStudentsResultMap" type="x">
		
	</resultMap>
	<resultMap  id="courseWithTutorResultMap" type="x">
		
	</resultMap>		
		
	<!-- 
	/**************************************************
	 	SELECT[courses + students[course_enrollment] JOIN( 1 : N )
	**************************************************/
	/*
	 * resultMap : courseWithStudentsResultMap
	 */
	 -->	
	<select id="findCourseByIdWithStudents">
	</select>
	<select id="findCourseByIdWithTutor">
	</select>
	
</mapper>